Time,Country Name,medal,Fixed telephone subscriptions (per 100 people) [IT.MLT.MAIN.P2],Internet users (per 100),Mobile cellular subscriptions (per 100 people) [IT.CEL.SETS.P2],info,Population_total,Labor_female,Life_exp,Health_exp,GDP_per_cap,GDP_PPP,"GNI per capita, PPP (constant 2011 international $) [NY.GNP.PCAP.PP.KD]","GNI, PPP (constant 2011 international $) [NY.GNP.MKTP.PP.KD]",rail_lines,Land area (sq. km) [AG.LND.TOTL.K2],connectivity,cpi,sexratio,hdi,communism,soviet,homeadvantage
2000,Australia,19.17,50,0.27,21.76,23.99,18311000,53.8,78.08,15.11,31166.63,5.71E+11,30192.74,5.53E+11,20802.73,7682300,0.06,86,0.99,0.89,0,0,1
2000,Azerbaijan,1.17,8.22,3.05,0.22,3.79,7763000,56.9,64.99,8.43,3329.13,25844073485,3341.54,25940363769,20802.73,83217,0.06,0,0.96,0.61,0,0,0
2000,Belarus,4.33,20.95,33.85,0.06,6.94,10160000,54.99,68.51,11.46,5623.24,57132117809,5645.2,57355185856,20802.73,202840,0.06,0,0.88,0.66,0,0,0
2000,Brazil,3,9.19,3.28,1.52,4.63,164913306,52.36,68.11,8.04,11137.34,1.84E+12,10846.75,1.79E+12,4651,8358140,0,29.6,0.98,0.66,0,0,0
2000,Bulgaria,4.83,32,9.65,0.32,13.85,8362826,49.42,70.9,7.39,8625.7,72135242924,8343.78,69777578584,3979,110630,0.04,0,0.96,0.7,0,1,0
2000,Canada,3.83,60.75,0.45,11.82,24.22,29671900,56.78,78.23,13.35,32394.58,9.61E+11,31354.64,9.30E+11,20802.73,9093510,0.06,89.6,0.98,0.86,0,0,0
2000,China,21.83,4.4,1.33,0.55,2.08,1217550000,72.55,70.2,15.9,2789.25,3.40E+12,27296.71,1.27E+12,56000,9388230,0.01,24.3,1.06,0.56,1,0,0
2000,Croatia,0.67,29.89,0.59,1.4,10.53,4494000,45.46,72.37,13.09,13886.53,62406051959,13846.74,62227232846,2480.66,55980,0.04,0,0.94,0.71,0,0,0
2000,Cuba,10.33,3.24,0.86,0.02,1.36,10961012,36.55,75.68,9.29,27039.27,1.51E+12,27296.71,1.27E+12,4667,107400,0.04,0,1.01,0.67,1,0,0
2000,Czech Republic,2.5,27.28,0.03,1.94,9.67,10315241,51.75,73.71,13.95,20061.26,2.07E+11,19784.81,2.04E+11,9435,77270,0.12,53.7,0.95,0.8,0,0,0
2000,Denmark,2.17,61.87,8.04,25.06,31.59,5263074,58.17,75.59,11.49,38101.41,2.01E+11,37650.62,1.98E+11,2349,42430,0.06,93.3,0.98,0.84,0,0,0
2000,Ethiopia,2.83,0.25,0.33,0,0.19,59155148,71.4,49.81,7.01,626.11,37037504562,27296.71,1.27E+12,20802.73,1000000,0.06,0,0.99,0,0,0,0
2000,France,13,56.51,1.4,4.23,20.55,59753098,48.09,77.95,14.82,31250.3,1.87E+12,31550.82,1.89E+12,31700,547566,0.06,69.6,0.96,0.83,0,0,0
2000,Germany,16.5,52.88,5.71,6.61,21.59,81914831,48.14,76.67,16.59,33830.31,2.77E+12,33807.57,2.77E+12,40826,349090,0.12,82.7,0.95,0.84,0,1,0
2000,Greece,4.5,49.53,9.04,4.94,21.01,10608800,37.82,77.69,9.59,21759.06,2.31E+11,22201.71,2.36E+11,2474,128900,0.02,50.1,0.98,0.78,0,0,0
2000,Hungary,6.5,25.65,0.1,4.58,10.05,10311238,39.97,70.33,11.25,15271,1.57E+11,14699.53,1.52E+11,7768,89860,0.09,48.6,0.91,0.75,0,1,0
2000,Iran,1.67,9.48,0.12,0.1,3.2,61583089,10.63,68.72,7.45,11396.25,7.02E+11,11244.77,6.92E+11,5612,1628760,0,0,1.03,0.64,0,0,0
2000,Italy,11.33,44.36,0.01,11.28,18.48,56860281,33.99,78.52,9.85,33569.06,1.91E+12,33237.71,1.89E+12,16014,294110,0.05,34.2,0.94,0.81,0,0,0
2000,Jamaica,2.33,14.38,0.03,2.2,5.5,2561993,64.74,71.97,6.05,8357.46,21411759371,27296.71,1.27E+12,20802.73,10830,0.06,0,0.98,0.68,0,0,0
2000,Japan,6,51.31,0.19,21.56,24.33,125757000,50.07,80.2,14.46,33345.86,4.19E+12,33763.82,4.25E+12,20802.73,364500,0.06,70.5,0.96,0.84,0,0,0
2000,Kazakhstan,2.83,12.51,1.94,0.06,4.79,15577894,63.03,64.11,13.95,8451.4,1.32E+11,8625.66,1.34E+11,20802.73,2699700,0.06,0,0.93,0.67,0,0,0
2000,Kenya,2.33,0.95,0,0.01,0.32,28147734,65.86,53.4,7.27,2230.37,62779801265,2192.15,61703957268,2740,569140,0,22.1,0.99,0.46,0,0,0
2000,Netherlands,9.67,54.34,0.06,6.55,20.18,15530498,48.47,77.44,10.99,35837.03,5.57E+11,36436.82,5.66E+11,2813,33760,0.08,87.1,0.98,0.87,0,0,0
2000,New Zealand,1.33,46.45,0.04,13.26,19.85,3732000,56.5,76.79,13.25,26173.77,97680497481,27296.71,1.27E+12,3913,263310,0.01,94.3,0.97,0.86,0,0,0
2000,North Korea,0.83,2.27,33.85,0,0.75,22113548,76.57,65.12,12.84,27039.27,1.51E+12,27296.71,1.27E+12,20802.73,120410,0.06,0,0.95,0.79,1,0,0
2000,Norway,3.5,56.64,0.85,28.76,28.75,4381336,57.61,78.15,13.48,52322.08,2.29E+11,51818.45,2.27E+11,20802.73,365245,0.06,88.7,0.98,0.89,0,0,0
2000,Poland,0,16.98,0.2,0.56,5.86,38624370,50.55,72.25,8.28,11975.56,4.63E+11,11891.76,4.59E+11,22285,306290,0.07,55.7,0.94,0.75,0,1,0
2000,Portugal,5.17,37.69,0,6.54,14.66,10063945,50.04,75.26,11.65,22529.92,2.27E+11,22608.15,2.28E+11,2850,91500,0.03,65.3,0.93,0.77,0,0,0
2000,Romania,8.83,13.9,0.73,0.07,4.85,22619004,56.83,69.1,7.14,10985.71,2.48E+11,10922.08,2.47E+11,11376,229520,0.05,0,0.96,0.69,0,1,0
2000,Russia,30,17.47,0.25,0.15,5.9,148160042,51.78,65.85,8.75,12370.1,1.83E+12,12216.04,1.81E+12,87543,16377960,0.01,25.8,0.88,0.7,0,1,0
2000,South Africa,1.17,10.09,0,2.26,4.1,42210216,46.22,60.61,13.82,9394.68,3.97E+11,9213.12,3.89E+11,20319,1213090,0.02,56.8,0.97,0.65,0,0,0
2000,South Korea,9,43.61,0.3,7.08,16.9,45524681,49.12,73.83,6.97,17655.53,8.04E+11,17575.91,8.00E+11,3100,96460,0.03,50.2,1,0.79,0,0,0
2000,Spain,3.33,39.01,0.93,7.59,15.76,39889852,37.79,78.12,12.5,25614.39,1.02E+12,25462.11,1.02E+12,12284,499440,0.02,43.1,0.96,0.81,0,0,0
2000,Sweden,4.17,68.16,18.25,28.16,38.09,8840998,58.78,78.96,11.33,31498.44,2.78E+11,30499.53,2.70E+11,10158,410340,0.02,90.8,0.98,0.86,0,0,0
2000,Switzerland,2.83,64.75,0.06,9.39,24.58,7071850,57,78.9,15.02,45932.44,3.25E+11,47241.72,3.34E+11,2989,39528,0.08,87.6,0.95,0.85,0,0,0
2000,Turkey,1.83,24.03,0.07,1.36,8.42,59423208,30.43,67.59,10.05,13010.26,7.73E+11,12807.23,7.61E+11,8607,769630,0.01,35.4,0.97,0.61,0,0,0
2000,Ukraine,0,18.18,3.53,0.06,7.18,51057189,53.63,66.89,11.42,4594.43,2.35E+11,4539.69,2.32E+11,22602,579350,0.04,0,0.87,0.66,0,0,0
2000,United Arab Emirates,6.5,29.87,16.78,7.84,18.06,2571020,31.6,73.38,7.13,102338.74,2.63E+11,27296.71,1.27E+12,20802.73,83600,0.06,0,2.01,0.77,0,0,0
2000,United Kingdom,10,52.74,0,12.46,21.64,58166950,52.71,77.09,13.43,29267.11,1.70E+12,29250.78,1.70E+12,16666,241930,0.07,84.4,0.97,0.84,0,0,0
2000,United States,33.5,61.37,0.01,16.24,25.77,269394000,58.17,76.03,16.17,40500.8,1.09E+13,40760.85,1.10E+13,170199.52,9158960,0.02,76.6,0.94,0.88,0,0,0
2004,Australia,16.5,52.18,1.98,44.46,32.99,19153000,54.72,79.23,16,35281.4,6.76E+11,34402.05,6.59E+11,9499,7682300,0,83,1,0.9,0,0,0
2004,Azerbaijan,1.17,9.87,30.22,5.18,14.99,8048600,57.46,66.76,5.35,4459,35888694708,4312.41,34708877787,2116,82605,0.03,15,0.96,0.64,0,0,0
2004,Belarus,4.17,27.57,0,0.49,9.27,9979610,53.04,68.91,10.09,7562.88,75474631722,7580.67,75652155089,5512,202840,0.03,41,0.89,0.68,0,0,0
2004,Brazil,3.5,17.72,46.76,13.29,25.8,175287587,55.08,70.04,4.08,11370.73,1.99E+12,10892.3,1.91E+12,20802.73,8358140,0.06,39,0.98,0.69,0,0,0
2004,Bulgaria,2.83,36.02,43.98,9.22,29.54,8170172,44.17,71.66,9,8958.05,73188814237,8758.8,71560912648,4320,110630,0.04,35,0.95,0.71,0,1,0
2004,Canada,4,67.89,2.87,28.43,33.02,30769700,58.66,79.24,15.07,37431.92,1.15E+12,36486.88,1.12E+12,20802.73,9093510,0.06,92,0.98,0.87,0,0,0
2004,China,24,11.31,13.62,6.66,10.49,1262645000,71.24,71.73,10.82,3700.74,4.67E+12,27296.71,1.27E+12,58656,9388220,0.01,31,1.06,0.59,1,0,0
2004,Croatia,1.5,38.46,3.12,23.08,21.57,4426000,45.19,72.81,13.02,15745.22,69688355876,15465.17,68448849516,2727,55910,0.05,37,0.93,0.75,0,0,0
2004,Cuba,8.67,4.39,6.64,0.06,3.66,11150736,36.86,76.64,10.8,27039.27,1.51E+12,27296.71,1.27E+12,20802.73,107400,0.06,0,1.01,0.69,1,0,0
2004,Czech Republic,2.17,37.77,0.54,42.4,27.06,10255063,51.76,74.97,13.69,21137.18,2.17E+11,20737.67,2.13E+11,9365,77270,0.12,43,0.95,0.82,0,0,0
2004,Denmark,2,71.84,47.38,63.01,60.77,5339616,60.02,76.59,13.59,42337.71,2.26E+11,41498.83,2.22E+11,2047,42430,0.05,98,0.98,0.86,0,0,0
2004,Ethiopia,2.33,0.35,2.21,0.03,0.85,66537331,72.72,51.93,9.36,618.24,41136187142,27296.71,1.27E+12,20802.73,1000000,0.06,32,0.99,0.28,0,0,0
2004,France,10.67,57.4,9.14,49.06,38.64,60912498,48.44,79.06,15.18,34896.39,2.13E+12,35556.4,2.17E+12,32515,547567,0.06,67,0.96,0.85,0,0,0
2004,Germany,15.33,60.13,39.17,57.72,52.4,82211508,49.41,77.93,17.87,36764.56,3.02E+12,36530.07,3.00E+12,36652,348950,0.11,76,0.96,0.86,0,1,0
2004,Greece,5.67,51.51,45.69,54,50.43,10805808,40.29,77.89,9.83,24839.08,2.68E+11,24924.35,2.69E+11,2299,128900,0.02,49,0.98,0.8,0,0,1
2004,Hungary,6.5,37.15,0.72,30.09,22.73,10210971,41.38,71.25,10.63,17855.04,1.82E+11,16995.53,1.74E+11,8004,89620,0.09,52,0.91,0.77,0,1,0
2004,Iran,2,14.39,3.69,1.46,6.46,66131854,13.88,70.14,10.61,11853.95,7.84E+11,11843.03,7.83E+11,6688,1628760,0,0,1.03,0.67,0,0,0
2004,Italy,10.5,47.65,0.15,74.13,40.98,56942108,35.47,79.78,12.54,36535.82,2.08E+12,36394.19,2.07E+12,16499,294110,0.06,46,0.94,0.83,0,0,0
2004,Jamaica,1.67,19.11,1.86,14.21,11.75,2656864,58.9,72.31,7.37,7931.74,21073549532,27296.71,1.27E+12,20802.73,10830,0.06,0,0.99,0.68,0,0,0
2004,Japan,13,49.28,3.76,53.12,35.57,126843000,49.28,81.08,15.38,33871.84,4.30E+12,34381.99,4.36E+12,20165,364500,0.06,64,0.96,0.86,0,0,0
2004,Kazakhstan,2.33,12.58,9.78,1.35,7.84,14883626,64.67,65.52,9.15,9951.56,1.48E+11,9532.82,1.42E+11,13545,2699700,0.01,30,0.92,0.69,0,0,0
2004,Kenya,2.17,0.93,0.02,0.41,0.45,31450483,62.95,50.79,10.55,2132.09,67055109891,2111.97,66422379323,2634,569140,0,21,0.99,0.45,0,0,0
2004,Netherlands,6.5,62.35,1.5,67.81,44.13,15925513,53.31,77.99,11.36,41721.69,6.64E+11,42543.55,6.78E+11,2802,33760,0.08,89,0.98,0.88,0,0,0
2004,New Zealand,2.17,47.46,2.62,39.97,30.12,3857700,56.76,78.64,15.71,28264.57,1.09E+11,26736.73,1.03E+11,20802.73,263310,0.06,94,0.96,0.87,0,0,0
2004,North Korea,1.5,2.19,0.05,0,0.74,22929075,75.48,64.98,12.84,27039.27,1.51E+12,27296.71,1.27E+12,20802.73,120410,0.06,0,0.95,0.79,1,0,0
2004,Norway,2.67,53.46,21.38,71.78,49.1,4490967,60.24,78.63,16.23,58066.58,2.61E+11,57332.93,2.57E+11,20802.73,365245,0.06,91,0.98,0.92,0,0,0
2004,Poland,3,28.54,5.08,17.59,17.08,38258629,49.14,73.75,9.18,14732.48,5.64E+11,27296.71,1.27E+12,22560,306290,0.07,41,0.94,0.78,0,1,0
2004,Portugal,0.83,41.93,0.49,64.67,35.99,10289898,52.81,76.31,14.52,25999.49,2.68E+11,25510.88,2.63E+11,2814,91500,0.03,64,0.93,0.78,0,0,0
2004,Romania,6.67,17.42,5.37,11.16,11.31,22442971,57.87,71.16,9.15,10523.39,2.36E+11,10472.84,2.35E+11,11364,229710,0.05,29,0.96,0.71,0,1,0
2004,Russia,28.83,21.85,3.36,2.22,9.08,146596557,54.1,65.48,12.67,14050.85,2.06E+12,13678.03,2.01E+12,86075,16381340,0.01,21,0.88,0.72,0,1,0
2004,South Africa,1.83,11.06,0.08,18.59,10,44896856,49.51,55.84,13.63,9715.62,4.36E+11,9513.85,4.27E+11,22657,1213090,0.02,50,0.97,0.63,0,0,0
2004,South Korea,10,56.25,4.06,58.33,39.73,47008111,48.85,75.84,8.37,20756.78,9.76E+11,20602.04,9.68E+11,3123,96460,0.03,40,1.01,0.82,0,0,0
2004,Spain,6,42.46,4.86,60.24,36.1,40567864,40.87,78.97,13.18,29967.17,1.22E+12,29852.82,1.21E+12,13866,499000,0.03,70,0.96,0.83,0,0,0
2004,Sweden,2.67,68.26,52,71.82,64.1,8872109,58.09,79.64,12.6,36854.87,3.27E+11,36863.74,3.27E+11,10068,410340,0.02,94,0.98,0.88,0,0,0
2004,Switzerland,1.33,73.07,0.64,64.73,46.33,7184250,57.72,79.68,15.43,50314.07,3.61E+11,53643.48,3.85E+11,2975,39524,0.08,86,0.96,0.89,0,0,0
2004,Turkey,3.17,29.12,3.7,25.54,19.51,63240121,26.33,70,9.76,13862.05,8.77E+11,13656.49,8.64E+11,8671,769630,0.01,38,0.97,0.65,0,0,0
2004,Ukraine,7.67,21.23,28.58,1.67,17.01,49175848,52.15,67.86,10.24,4797.38,2.36E+11,4658.64,2.29E+11,22302,579350,0.04,15,0.87,0.67,0,0,0
2004,United Arab Emirates,0.5,33.71,37.25,47.19,39.46,3154925,33.79,74.45,7.8,103224.43,3.26E+11,27296.71,1.27E+12,20802.73,83600,0.06,0,2.1,0.8,0,0,0
2004,United Kingdom,9.5,59.76,1.28,73.71,45.2,58892514,54.02,77.74,15.17,32961.53,1.94E+12,33184.08,1.95E+12,15991,241930,0.07,87,0.97,0.87,0,0,0
2004,United States,35.33,67.64,0.69,38.47,35.63,282162411,59.06,76.64,16.79,45986.05,1.30E+13,46266.94,1.31E+13,159822,9161920,0.02,78,0.94,0.88,0,0,0
2008,Australia,14.83,51.29,12.86,81.51,48.88,20127400,55.75,80.49,16.95,38148.92,7.68E+11,37190.64,7.49E+11,20802.73,7682300,0.06,88,1,0.91,0,0,0
2008,Azerbaijan,1.5,11.97,64.73,17.21,31.16,8306500,59.94,68.47,5.92,6435.45,53456049887,6010.29,49924498608,2122,82672,0.03,19,0.97,0.68,0,0,0
2008,Belarus,3.83,32.67,0,23.04,18.62,9730146,53.61,68.96,10.78,10180,99052913943,10253.58,99768870015,5498,202810,0.03,33,0.88,0.71,0,0,0
2008,Brazil,4.5,21.51,33.85,35.65,19.22,184738458,57.79,71.53,5.15,12058.32,2.23E+12,11611.4,2.15E+12,20802.73,8358140,0.06,39,0.97,0.69,0,0,0
2008,Bulgaria,1.33,35.21,68.52,61.07,54.99,7716860,45.61,72.56,11.36,11736.48,90568801758,11875.17,91639022677,4259,108760,0.04,41,0.95,0.75,0,1,0
2008,Canada,5.83,64.43,19.07,47.06,43.56,31995000,61.23,80.14,17.24,39604.35,1.27E+12,38771.22,1.24E+12,20802.73,9093510,0.06,85,0.98,0.89,0,0,0
2008,China,35.83,23.79,44.01,25.55,31.06,1296075000,67.72,73.42,10,5164.64,6.69E+12,27296.71,1.27E+12,61015,9388212.5,0.01,34,1.06,0.63,1,0,1
2008,Croatia,1.17,42.9,10,64.45,39.37,4439000,45.93,75.52,11.92,18776.62,83349418764,18483.99,82050438494,2726,55960,0.05,35,0.93,0.78,0,0,0
2008,Cuba,6.83,6.81,30.91,0.67,12.68,11266941,36.86,77.64,10.32,27039.27,1.51E+12,27296.71,1.27E+12,20802.73,106410,0.06,37,1.01,0.72,1,0,0
2008,Czech Republic,2.67,33.58,8.41,105.63,49.77,10197101,50.73,75.72,14.22,24210.11,2.47E+11,23049.29,2.35E+11,9489,77260,0.12,42,0.95,0.84,0,0,0
2008,Denmark,2.17,64.67,61.85,95.71,74.29,5404523,60.65,77.49,14.94,43670.45,2.36E+11,43865.16,2.37E+11,2212,42430,0.05,95,0.98,0.9,0,0,0
2008,Ethiopia,2.67,0.65,9.12,0.21,3.3,74624405,77.37,55.19,10.11,673.43,50254014900,27296.71,1.27E+12,20802.73,1000000,0.06,23,1,0.33,0,0,0
2008,France,12,55.25,21.42,73.02,50.13,62704897,49.58,80.16,15.62,36216.17,2.27E+12,36750.53,2.30E+12,29246,547567,0.05,71,0.95,0.86,0,0,0
2008,Germany,13.83,65.03,80.93,85.06,77.09,82516260,50.19,78.68,17.1,37418.09,3.09E+12,37693.39,3.11E+12,34715,348770,0.1,82,0.96,0.88,0,1,0
2008,Greece,0.83,57.56,83.89,84.5,75.41,10955141,41.96,79.04,10.31,29469.53,3.23E+11,29325.29,3.21E+11,2449,128900,0.02,43,0.97,0.84,0,0,0
2008,Hungary,3.5,35.22,3.49,86.26,42.1,10107146,42.27,72.65,11.66,21327.62,2.16E+11,20182.17,2.04E+11,7730,89620,0.09,48,0.9,0.8,0,1,0
2008,Iran,0.67,23.57,10.68,7.32,13.79,69617100,18.13,71.59,11.07,14125.02,9.83E+11,14101.12,9.82E+11,6405,1628760,0,29,1.04,0.69,0,0,0
2008,Italy,8.67,44.55,33.85,107.69,51.32,57685327,38.12,80.78,13.7,37434.1,2.16E+12,37369.74,2.16E+12,15916,294140,0.05,48,0.95,0.85,0,0,0
2008,Jamaica,3.83,15.87,33.85,68.93,28.67,2728777,56.87,73.16,5.17,8385.12,22881114502,27296.71,1.27E+12,20802.73,10830,0.06,33,0.98,0.71,0,0,0
2008,Japan,8.33,47.02,14.58,72.16,44.86,127761000,48.34,82.03,17.9,35078.28,4.48E+12,35766.82,4.57E+12,20060,364500,0.06,69,0.95,0.87,0,0,0
2008,Kazakhstan,2.17,17.11,35.5,16.42,22.94,15012985,64.01,65.89,10.18,14728.62,2.21E+11,14258.25,2.14E+11,13770,2699700,0.01,22,0.92,0.74,0,0,0
2008,Kenya,5,0.86,0.16,7.31,2.82,35074931,60.38,52.55,7.91,2158.19,75698376458,2140.43,75075292081,2634,569140,0,21,1,0.47,0,0,0
2008,Netherlands,5.83,48.46,7.41,91.24,49.46,16281779,56.19,79.1,12.94,42686.89,6.95E+11,43447.88,7.07E+11,2811,33760,0.08,87,0.98,0.89,0,0,0
2008,New Zealand,2.83,44.14,11.66,74.21,43.64,4087500,59.19,79.55,17.4,31392.13,1.28E+11,29666.92,1.21E+11,20802.73,263310,0.06,96,0.96,0.89,0,0,0
2008,North Korea,2,4.23,0.08,0,1.42,23729498,74.65,67.86,12.84,27039.27,1.51E+12,27296.71,1.27E+12,20802.73,120410,0.06,0,0.95,0.79,1,0,0
2008,Norway,3.33,47.52,42.25,98.61,63.15,4591910,60.45,79.84,17.54,61698.46,2.83E+11,61784.41,2.84E+11,20802.73,365245,0.06,89,0.98,0.93,0,0,0
2008,Poland,4,32.84,14.1,60.42,36.03,38182222,47.57,74.85,9.7,16605.81,6.34E+11,16078.49,6.14E+11,19576,306330,0.06,35,0.94,0.8,0,1,0
2008,Portugal,0.83,40.45,4.63,100.89,49.18,10483861,54.54,77.67,14.96,26439.93,2.77E+11,26041.67,2.73E+11,2849,91500,0.03,63,0.94,0.79,0,0,0
2008,Romania,3,19.8,18.13,46.1,28.19,21451748,49.12,71.59,12.14,13982.04,3.00E+11,13441.91,2.88E+11,10844,230000,0.05,29,0.95,0.75,0,1,0
2008,Russia,19.83,26.67,8.4,51.08,28.94,144067054,55.63,65.47,11.28,18098.37,2.61E+12,17730.81,2.55E+12,85286,16381230,0.01,28,0.87,0.75,0,1,0
2008,South Africa,0.33,10.31,0.35,43.82,18.42,47001700.99,45.06,51.87,12.79,10639.05,5.00E+11,10455.22,4.91E+11,20247,1213090,0.02,46,0.97,0.61,0,0,0
2008,South Korea,11.5,50.36,19.57,78.17,49.65,48082519,49.4,77.85,8.79,24605.53,1.18E+12,24556.46,1.18E+12,3129,96820,0.03,45,1,0.85,0,0,0
2008,Spain,6.5,41.99,20.7,90.43,51.43,42921895,44.65,79.87,14.91,32261.44,1.38E+12,31960.75,1.37E+12,14395,499180,0.03,71,0.97,0.84,0,0,0
2008,Sweden,1.5,63.33,77.69,97.81,79.79,8993531,58.58,80.5,13.65,40257.92,3.62E+11,40543.66,3.65E+11,9895,410340,0.02,92,0.98,0.89,0,0,0
2008,Switzerland,2,71.53,11.92,85.43,56.59,7389625,59.24,81.09,17.83,51132.69,3.78E+11,54401.73,4.02E+11,3140,39520,0.08,91,0.96,0.9,0,0,0
2008,Turkey,2,28.61,8.87,51.92,30.02,67007855,23.44,72.03,10.75,15161.62,1.02E+12,14946.01,1.00E+12,8697,769630,0.01,32,0.97,0.68,0,0,0
2008,Ukraine,6.83,25.59,53.2,28.95,35.84,47451600,52.14,68.19,13.19,7004.33,3.32E+11,6930.5,3.29E+11,22011,579340,0.04,22,0.87,0.71,0,0,0
2008,United Arab Emirates,0,32.46,72.39,100.67,68.83,4087931,36.19,75.46,8.22,98639.85,4.03E+11,99092.98,4.05E+11,20802.73,83600,0.06,61,2.34,0.82,0,0,0
2008,United Kingdom,16.33,57.64,10.63,99.51,56.36,59987905,54.74,78.75,15.2,36108.83,2.17E+12,36766.38,2.21E+12,16116,241930,0.07,86,0.98,0.89,0,0,0
2008,United States,37,60.13,11.61,62.55,44.94,292805298,58.18,77.49,18.45,48597.34,1.42E+13,49074.1,1.44E+13,20802.73,9161920,0.06,75,0.93,0.9,0,0,0
2012,Australia,10.83,43.29,26.83,102.19,57.89,21249200,58.65,81.4,17.21,41316.6,8.78E+11,39707.77,8.44E+11,9661,7682300,0,87,1,0.93,0,0,0
2012,Azerbaijan,2.67,14.76,78,73.76,55.69,8763400,60.87,70.06,3.07,14364.99,1.26E+11,12252.71,1.07E+11,2099,82627,0.03,19,0.98,0.73,0,0,0
2012,Belarus,3.5,38.91,0,85.06,41.76,9527985,54.28,70.46,7.87,14972.27,1.43E+11,14822.51,1.41E+11,5491,202900,0.03,20,0.87,0.77,0,0,0
2012,Brazil,4.67,21.5,71.67,78.55,57.46,192979029,58.67,72.7,5.99,13806.01,2.66E+12,13148.09,2.54E+12,29817,8358140,0,35,0.97,0.71,0,0,0
2012,Bulgaria,0.5,29.18,87.42,138.98,85.73,7492561,48.72,72.96,10.48,15741.42,1.18E+11,15036.84,1.13E+11,4159,108610,0.04,36,0.95,0.77,0,1,0
2012,Canada,4.17,54.69,33.83,66.2,51.72,33245773,62.11,80.7,18.01,41611.25,1.38E+12,40996.73,1.36E+12,57216,9093510,0.01,87,0.98,0.9,0,0,0
2012,China,31.83,25.35,59.6,47.76,44.27,1324655000,64.92,74.58,10.13,7947.79,1.05E+13,27296.71,1.27E+12,60809,9388210.8,0.01,36,1.06,0.68,1,0,0
2012,Croatia,2.17,43.07,23.6,104.46,57.52,4434508,45.88,75.91,15.26,22014.58,97623822550,21418.21,94979240779,2722,55960,0.05,44,0.93,0.8,0,0,0
2012,Cuba,4.5,9.63,44.24,2.94,18.78,11309754,41.68,78.65,13.18,27039.27,1.51E+12,27296.71,1.27E+12,5076,106440,0.05,43,1.01,0.78,1,0,0
2012,Czech Republic,3.5,23.8,12.94,132.35,57.12,10384603,49.39,76.98,13.68,29313.65,3.04E+11,27387.49,2.84E+11,9487,77250,0.12,52,0.96,0.86,0,0,0
2012,Denmark,2.83,54.13,72.03,119.3,82.2,5493621,61.04,78.45,16.73,45865.8,2.52E+11,46379.72,2.55E+11,2133,42430,0.05,93,0.98,0.91,0,0,0
2012,Ethiopia,2.33,1.09,25.6,2.37,9.61,83184892,77.85,59.45,11.85,924.52,76905993365,27296.71,1.27E+12,20802.73,1000000,0.06,26,1,0.39,0,0,0
2012,France,11.17,56.11,38.2,92.68,62.63,64374990,50.52,81.21,15.42,37634.93,2.42E+12,38441.82,2.47E+12,29901,547557,0.05,69,0.95,0.88,0,0,0
2012,Germany,14.17,60.33,85.02,126.56,90.99,82110097,52.05,79.74,18.13,40989.44,3.37E+12,41392.74,3.40E+12,33862,348630,0.1,79,0.96,0.91,0,1,0
2012,Greece,0.33,47.4,90,124.51,87.68,11077841,42.56,79.94,11.51,31881.71,3.53E+11,30927.09,3.43E+11,2552,128900,0.02,47,0.97,0.86,0,0,0
2012,Hungary,6.17,30.8,11,121.68,55.16,10038188,42.54,73.7,10.16,23591.9,2.37E+11,22151.47,2.22E+11,7942,89610,0.09,51,0.9,0.82,0,1,0
2012,Iran,4.17,34.13,18.2,59.18,37.39,72845542,15.49,73.09,10.07,16374.97,1.19E+12,16435.23,1.20E+12,7335,1628760,0,23,1.03,0.73,0,0,0
2012,Italy,8.83,36.81,17.08,150.89,69.08,58826731,38.41,81.49,14.3,37954.16,2.23E+12,37608.27,2.21E+12,16862,294140,0.06,48,0.95,0.87,0,0,0
2012,Jamaica,4,11.64,23,100.16,45.49,2790122,58.04,74.3,6.45,8565.66,23899232640,8212.65,22914289501,20802.73,10830,0.06,31,0.98,0.72,0,0,0
2012,Japan,11,38.04,34.37,86.71,53.37,128063000,48.5,82.59,18.59,36278.46,4.65E+12,37233.66,4.77E+12,20048,364500,0.06,73,0.95,0.88,0,0,0
2012,Kazakhstan,4.67,22.21,62.97,95.78,60.67,15674000,65.73,67.02,8.32,19272.21,3.02E+11,16482.3,2.58E+11,14205,2699700,0.01,22,0.93,0.76,0,0,0
2012,Kenya,3.17,1.67,0.45,42.05,15,39148416,60.61,56.78,6.06,2335.17,91418144889,2333.21,91341550439,20802.73,569140,0.06,21,1,0.51,0,0,0
2012,Netherlands,6.33,44.34,13,124.98,61.41,16445593,59.22,80.25,19.1,47134.3,7.75E+11,46259.46,7.61E+11,2896,33760,0.09,89,0.98,0.91,0,0,0
2012,New Zealand,4.5,40.91,23,107.99,57.81,4259800,61.6,80.35,21.61,32544.64,1.39E+11,30213.96,1.29E+11,20802.73,263310,0.06,93,0.96,0.9,0,0,0
2012,North Korea,2.33,4.87,8.78,0,4.5,24335146,74.12,68.49,12.84,27039.27,1.51E+12,27296.71,1.27E+12,20802.73,120410,0.06,0,0.95,0.79,1,0,0
2012,Norway,1.5,39.76,55.8,109.07,68.62,4768212,62.79,80.59,17.62,64513.42,3.08E+11,64181.21,3.06E+11,4114,365245,0.01,79,0.99,0.94,0,0,0
2012,Poland,2.67,24.76,21.71,115.02,54.44,38125759,46.73,75.54,11.11,20391.88,7.77E+11,20030.95,7.64E+11,19627,306300,0.06,46,0.94,0.82,0,1,0
2012,Portugal,0.33,39.36,10.18,132.92,61.54,10558177,55.85,78.52,14.72,27590.37,2.91E+11,26527.83,2.80E+11,2842,91470,0.03,61,0.93,0.81,0,0,0
2012,Romania,3,21.63,39.67,111.4,58.11,20537875,47.53,72.57,11.27,19053.36,3.91E+11,18549.3,3.81E+11,10784,229900,0.05,38,0.95,0.8,0,1,0
2012,Russia,26,31.7,25.88,138.87,66.22,142742350,57,67.95,10.39,24006,3.43E+12,23329.12,3.33E+12,84158,16376870,0.01,21,0.87,0.78,0,1,0
2012,South Africa,2.33,9.7,0.81,89.52,33.9,49557573.3,46.99,52.64,13.48,12196.61,6.04E+11,11835.59,5.87E+11,24487,1213090,0.02,49,0.96,0.62,0,0,0
2012,South Korea,10.33,50.88,23.18,95.28,56.84,49054708,49.79,79.83,10.51,28588.37,1.40E+12,28590.46,1.40E+12,3381,97030,0.03,56,0.99,0.88,0,0,0
2012,Spain,5.5,45.48,44.3,109.68,66.92,45954106,49.58,81.18,15.73,34163.37,1.57E+12,33247.18,1.53E+12,15046,498800,0.03,65,0.98,0.86,0,0,0
2012,Sweden,2.33,57.8,90.57,108.44,85.83,9219637,59.91,81.1,14.54,43466.14,4.01E+11,45054.52,4.15E+11,9830,410340,0.02,93,0.99,0.9,0,0,0
2012,Switzerland,1.67,63.08,18.01,116.25,66.29,7647675,61.44,81.99,20.89,56399.48,4.31E+11,52828.97,4.04E+11,3499,39516,0.09,90,0.96,0.92,0,0,0
2012,Turkey,1.83,24.87,20.82,93.55,46.89,70440032,24.52,73.5,12.21,17836.81,1.26E+12,17656.14,1.24E+12,8699,769630,0.01,46,0.97,0.71,0,0,0
2012,Ukraine,6.17,28.36,70.58,119.84,73.4,46258200,52.32,68.25,11.73,8739.69,4.04E+11,8666.39,4.01E+11,21676,579320,0.04,25,0.86,0.73,0,0,0
2012,United Arab Emirates,0,23.48,83.67,137.64,82.16,6894278,40.6,76.31,8.75,71724.28,4.94E+11,72775.96,5.02E+11,20802.73,83600,0.06,59,2.86,0.83,0,0,0
2012,United Kingdom,23.33,55.75,23.39,122.19,67.66,61806995,55.6,79.6,15.34,37698.45,2.33E+12,37826.45,2.34E+12,16321,241930,0.07,77,0.98,0.9,0,0,1
2012,United States,37.5,53.08,33.1,85.21,57.41,304093966,58.55,78.04,18.92,50383.84,1.53E+13,51094.78,1.55E+13,227058,9147420,0.02,73,0.93,0.91,0,0,0
2016,Australia,9.33,45.43,63.8,105.59,71.94,22728254,58.83,82.05,17.31,42561.12,9.67E+11,41284.2,9.38E+11,20802.73,7682300,0.06,85,1,0.93,0,0,0
2016,Azerbaijan,4.5,18.52,82.35,108.77,70.27,9295784,61.2,70.62,3.81,15888.22,1.48E+11,15124.74,1.41E+11,2068,82658,0.03,27,0.99,0.75,0,0,0
2016,Belarus,2.5,46.86,0,113.52,54.06,9464495,54.63,71.97,13.21,17479.93,1.65E+11,17038.24,1.61E+11,5462,202910,0.03,31,0.87,0.8,0,0,0
2016,Brazil,6.5,22.3,79,125,75.93,200560983,56.14,73.84,6.86,15118.14,3.03E+12,14803.48,2.97E+12,29817,8358140,0,43,0.97,0.73,0,0,0
2016,Bulgaria,0.67,29.31,92.86,148.13,90.68,7305888,47.8,74.31,11.54,15771.99,1.15E+11,15570.27,1.14E+11,4070,108560,0.04,41,0.95,0.78,0,1,0
2016,Canada,5.5,50.88,48.56,79.57,59.87,34750545,61.59,81.56,18.57,41794.54,1.45E+12,41054.97,1.43E+12,52002,9093510,0.01,84,0.98,0.91,0,0,0
2016,China,23.33,20.2,69.81,80.76,57.16,1350695000,63.76,75.39,10.49,11145.75,1.51E+13,27296.71,1.27E+12,66298,9388211,0.01,39,1.06,0.71,1,0,0
2016,Croatia,3.83,40.48,33.79,115.41,63.75,4267558,44.86,76.92,13.99,20313.41,86688659512,19707.19,84101564363,2722,55960,0.05,46,0.93,0.82,0,0,0
2016,Cuba,3.83,10.79,61.94,14.92,29.07,11382146,42.87,79.14,11.55,27039.27,1.51E+12,27296.71,1.27E+12,20802.73,106449,0.2,48,1.01,0.77,1,0,0
2016,Czech Republic,2.33,19.86,21.2,126.85,56.68,10510785,50.08,78.08,14.25,28527.14,3.00E+11,26761.7,2.81E+11,9469,77230,0.12,49,0.97,0.87,0,0,0
2016,Denmark,4.17,41.08,82,130.28,84.91,5591572,59.14,80.05,15.85,44336.81,2.48E+11,45340.29,2.54E+11,2131,42230,0.05,90,0.98,0.92,0,0,0
2016,Ethiopia,2,0.87,48.98,22.37,24.06,92444183,77.09,62.79,18.53,1230.58,1.14E+11,1227.75,1.13E+11,20802.73,1000000,0.02,33,1,0.43,0,0,0
2016,France,13.33,62.11,55.07,97.38,71.78,65659790,51,81.97,15.53,37344.54,2.45E+12,37876.05,2.49E+12,30013,547557,0.05,71,0.95,0.89,0,0,0
2016,Germany,14.33,60.51,92.26,111.59,88.36,80425823,53.66,80.54,18.81,42822.1,3.44E+12,43826.63,3.52E+12,33509,348540,0.1,79,0.96,0.92,0,1,0
2016,Greece,2.17,49.09,93.18,120.1,87.78,11045011,44.18,80.63,11.37,24364.27,2.69E+11,24521.21,2.71E+11,2554,128900,0.02,36,0.96,0.86,0,0,0
2016,Hungary,5.67,29.68,35.27,116.07,60.9,9920362,44.73,75.06,10.28,22480.75,2.23E+11,21590.16,2.14E+11,7877,90530,0.09,55,0.91,0.82,0,1,0
2016,Iran,2.5,37.63,26.46,76.1,47.02,76453574,16.07,74.8,17.53,16484.74,1.26E+12,16531.51,1.26E+12,8368,1628760,0.01,28,1.02,0.77,0,0,0
2016,Italy,9.33,35.72,54.2,159.63,83.95,59539717,39.13,82.24,13.77,35227.62,2.10E+12,35178.15,2.09E+12,17060,294140,0.06,42,0.94,0.88,0,0,0
2016,Jamaica,4.33,9.14,46.91,98.05,51.83,2840992,55.77,75.3,7.13,8016.51,22774836856,7900.1,22444110733,20802.73,10830,0.06,38,0.99,0.73,0,0,0
2016,Japan,12.17,50.47,45.13,110.91,69.26,127629000,48.16,83.1,20.05,36367.58,4.64E+12,37340.41,4.77E+12,20140,364560,0.06,74,0.95,0.89,0,0,0
2016,Kazakhstan,4.67,26.8,73.43,185.82,96.26,16791425,65.86,69.61,10.9,21987.19,3.69E+11,19050.62,3.20E+11,14319,2699700,0.01,28,0.93,0.78,0,0,0
2016,Kenya,5.17,0.58,2.9,71.17,25.35,43646629,61.51,60.27,13.35,2602.5,1.14E+11,2586.43,1.13E+11,20802.73,569140,0.04,27,1,0.54,0,0,0
2016,Netherlands,7,42.97,33.74,117.97,65.42,16754962,58.66,81.1,20.35,45411.35,7.61E+11,46344.71,7.77E+11,3016,33720,0.09,84,0.98,0.92,0,0,0
2016,New Zealand,5.83,42.15,37,110.36,63.64,4408100,62.15,81.16,23.13,33286.76,1.47E+11,31916.16,1.41E+11,20802.73,263310,0.06,90,0.96,0.91,0,0,0
2016,North Korea,2.33,4.77,14.51,6.87,8.69,24854034,73.71,69.49,12.84,27039.27,1.51E+12,27296.71,1.27E+12,20802.73,120410,0.17,8,0.96,0.79,1,0,0
2016,Norway,0.67,27.95,65.8,116.09,70.41,5018573,61.61,81.45,18.11,62934.84,3.16E+11,63454.13,3.18E+11,4154,365245,0.01,85,1.01,0.94,0,0,0
2016,Poland,3,15.57,39.75,141.55,66.38,38063164,48.8,76.75,10.75,23217.66,8.84E+11,22354.72,8.51E+11,19617,306220,0.06,58,0.94,0.84,0,1,0
2016,Portugal,0.17,42.99,15.23,112.39,57.42,10514844,54.65,80.37,12.86,25805.85,2.71E+11,25179.36,2.65E+11,2541,91590,0.03,63,0.91,0.83,0,0,0
2016,Romania,1.33,21.37,51.9,104.99,59.88,20058035,47.26,74.41,12.06,18292.2,3.67E+11,17977.89,3.61E+11,10777,230020,0.05,44,0.94,0.79,0,1,0
2016,Russia,18.67,29.45,49.05,145.33,75.32,143201676,56.97,70.07,10.18,24879.38,3.56E+12,24094.25,3.45E+12,84249,16376870,0.01,28,0.87,0.8,0,1,0
2016,South Africa,3.33,9.25,1.22,130.56,47.85,52506515.08,44.56,56.1,14.44,12329.63,6.47E+11,11998.91,6.30E+11,20500,1213090,0.02,43,0.96,0.65,0,0,1
2016,South Korea,7,61.42,32,109.43,68.04,50199853,49.85,81.21,11.77,31776.9,1.60E+12,32099.12,1.61E+12,3650,97350,0.04,56,0.99,0.89,0,0,0
2016,Spain,5.83,41.87,69.3,108.36,73.53,46773055,52.5,82.43,14.09,31107.48,1.45E+12,30885.77,1.44E+12,15665,500210,0.03,65,0.97,0.87,0,0,0
2016,Sweden,3.5,43.83,94.65,124.57,88.05,9519374,60.26,81.7,19.16,43308.21,4.12E+11,44378.39,4.22E+11,9944,407340,0.02,88,0.99,0.9,0,0,0
2016,Switzerland,2.5,59.04,26.4,132.06,73.1,7996861,61.31,82.7,22.01,55908.01,4.47E+11,57157.17,4.57E+11,3551,39516,0.09,86,0.97,0.93,0,0,0
2016,Turkey,2.17,18.73,42.32,91.46,51.24,74569867,29.43,74.64,10.77,20282.03,1.51E+12,20128.44,1.50E+12,9642,769630,0.01,49,0.97,0.75,0,0,0
2016,Ukraine,3.33,26.76,78.39,130.34,79.01,45593300,51.17,70.94,11.77,8322.17,3.79E+11,8195.2,3.74E+11,21643,579320,0.04,26,0.86,0.74,0,0,0
2016,United Arab Emirates,0.17,21.37,89.88,149.64,87.59,8900453,42.42,77.02,8.7,59813.02,5.32E+11,59861.71,5.33E+11,20802.73,83600,0.06,68,2.92,0.83,0,0,0
2016,United Kingdom,24,52.88,43.37,124.76,74.18,63700300,55.97,80.9,16.21,36678.75,2.34E+12,36632.62,2.33E+12,16423,241930,0.07,74,0.98,0.9,0,0,0
2016,United States,41.67,43.65,55.42,96.01,65.34,313998379,56.75,78.74,20.08,50519.53,1.59E+13,51387.91,1.61E+13,228218,9147420,0.02,73,0.93,0.92,0,0,0
2020,Australia,,34.95,86.54,109.43,,24127159,58.47,82.45,17,44414.03,1.07E+12,43592.88,1.05E+12,20802.73,7682300,0,79,0.99,0.94,0,0,0
2020,Azerbaijan,,17.46,78.2,104.65,,9762274,61.98,72.49,4,15994.01,1.56E+11,27296.71,1.27E+12,2074,82663,0.03,30,0.99,0.76,0,0,0
2020,Belarus,,47.8,71.11,121.11,,9507120,54.29,73.83,8,16742.26,1.59E+11,27296.71,1.27E+12,5459,202910,0.03,40,0.87,0.81,0,0,0
2020,Brazil,,20.37,60.87,118.39,,207652865,56.18,75.23,10,14023.69,2.91E+12,13744.67,2.85E+12,20802.73,8358140,0,40,0.97,0.76,0,0,0
2020,Bulgaria,,20.68,59.83,125.47,,7127822,48.56,74.81,12,17709.08,1.26E+11,17552.63,1.25E+11,4029,108560,0.04,41,0.95,0.81,0,1,0
2020,Canada,,41.66,91.16,84.52,,36286425,60.85,82.14,19,43087.76,1.56E+12,42516.6,1.54E+12,48498.4,9093510,0.01,82,0.98,0.92,0,0,0
2020,China,,14.61,53.2,96.53,,1378665000,63.35,76.21,9,14400.89,1.99E+13,27296.71,1.27E+12,67092,9388211,0.01,40,1.06,0.75,1,0,0
2020,Croatia,,34.12,72.7,104.89,,4170600,46.35,78.02,12,21408.55,89286504946,20749.09,86536164182,2605,55960,0.05,49,0.93,0.83,0,0,0
2020,Cuba,,11.66,42.98,35.18,,11475982,42.33,78.61,17,27039.27,1.51E+12,27296.71,1.27E+12,20802.73,104020,0.2,47,0.99,0.77,1,0,0
2020,Czech Republic,,16.56,76.48,117.57,,10561633,51.21,79.03,15,31071.75,3.28E+11,29237.04,3.09E+11,9462.69,77210,0.12,55,0.97,0.89,0,0,0
2020,Denmark,,27.26,96.97,122.3,,5731118,58.06,80.85,16,45686.48,2.62E+11,46929.22,2.69E+11,20802.73,42262,0.49,90,0.99,0.93,0,0,0
2020,Ethiopia,,1.11,15.37,49.44,,102403196,77.06,65.48,6,1608.29,1.65E+11,1602.21,1.64E+11,20802.73,1000000,0.02,34,1,0.46,0,0,0
2020,France,,60.32,79.27,104.49,,66896109,50.49,82.52,17,38058.87,2.55E+12,38916.2,2.60E+12,29236.65,547557,0.05,69,0.94,0.9,0,0,0
2020,Germany,,55.11,84.17,125.89,,82667685,54.53,80.99,21,44072.39,3.64E+12,44818.41,3.71E+12,33380,348900,0.1,81,0.97,0.93,0,1,0
2020,Greece,,49,69.09,118.12,,10746740,44,81.39,10,24263.88,2.61E+11,24365.75,2.62E+11,2240,128900,0.02,44,0.96,0.87,0,0,0
2020,Hungary,,31.99,79.26,102.04,,9817958,46.51,76.06,10,25381.29,2.49E+11,24374.03,2.39E+11,7748.7,90530,0.09,48,0.91,0.84,0,1,0
2020,Iran,,38.8,53.23,101.2,,80277428,16.24,76.05,23,27039.27,1.51E+12,27296.71,1.27E+12,8576,1628760,0.01,29,1.03,0.8,0,0,0
2020,Italy,,33.41,61.32,141.69,,60600590,39.26,83.24,13,34620.13,2.10E+12,34679.59,2.10E+12,20802.73,294140,0.07,47,0.94,0.88,0,0,0
2020,Jamaica,,10.67,44.37,112.43,,2881355,57.9,74.18,13,8190,23598300058,7878.01,22699338961,20802.73,10830,1.92,39,0.99,0.73,0,0,0
2020,Japan,,50.17,93.18,130.6,,126994511,48.98,83.98,23,38239.77,4.86E+12,27296.71,1.27E+12,12835.4,364560,0.04,72,0.96,0.91,0,0,1
2020,Kazakhstan,,22.05,74.59,143.21,,17797032,66.23,72.3,9,23419.91,4.17E+11,27296.71,1.27E+12,15529,2699700,0.01,29,0.94,0.8,0,0,0
2020,Kenya,,0.15,16.6,79.47,,48461567,62.26,65.39,6,2925.6,1.42E+11,2897.12,1.40E+11,20802.73,569140,0.04,26,0.99,0.59,0,0,0
2020,Netherlands,,39.89,90.41,123.02,,17018408,57.39,81.56,19,47128.31,8.02E+11,46605.19,7.93E+11,20802.73,33690,0.62,83,0.99,0.93,0,0,0
2020,New Zealand,,37.77,88.47,130.92,,4692700,62.26,76.96,22,35269.1,1.66E+11,27296.71,1.27E+12,20802.73,263310,0.08,90,0.97,0.92,0,0,0
2020,North Korea,,4.66,33.85,14.25,,25368620,73.58,71.71,12.84,27039.27,1.51E+12,27296.71,1.27E+12,20802.73,120410,0.17,12,0.96,0.79,1,0,0
2020,Norway,,15.37,97.3,109.11,,5232929,61.13,82.41,18,63810.79,3.34E+11,67031.5,3.51E+11,4126,365245,0.01,85,1.02,0.95,0,0,0
2020,Poland,,21.44,73.3,139.52,,37948016,49.1,77.85,11,26003.01,9.87E+11,25004.17,9.49E+11,18429,306190,0.06,62,0.94,0.86,0,1,0
2020,Portugal,,46.37,70.42,112.07,,10324611,53.46,81.12,13,27006.87,2.79E+11,26429.85,2.73E+11,2545.96,91605,0.03,62,0.9,0.85,0,0,0
2020,Romania,,20.76,59.5,115.68,,19705301,47.43,75.31,11,21647.81,4.27E+11,20969.96,4.13E+11,10766,230080,0.05,48,0.95,0.81,0,1,0
2020,Russia,,22.22,73.09,157.72,,144342396,56.51,71.65,8,24026,3.52E+12,23456.46,3.44E+12,85375,16376870,0.01,29,0.86,0.82,0,1,0
2020,South Africa,,8.05,54,146.62,,55908865,46.31,63.15,13,12260.17,6.85E+11,11922.6,6.67E+11,20953,1213090,0.02,45,0.97,0.7,0,0,0
2020,South Korea,,54.99,92.84,120.23,,51245707,50.07,82.28,13,34985.85,1.79E+12,35026.88,1.79E+12,4071,97480,0.04,53,1,0.9,0,0,0
2020,Spain,,42.05,80.56,110.48,,46443959,52.24,83.33,15,33261.08,1.54E+12,33280.03,1.55E+12,15650,500210,0.03,58,0.96,0.89,0,0,0
2020,Sweden,,31.56,89.65,127.52,,9903122,60.8,82.31,18,46441.21,4.60E+11,47189.22,4.67E+11,9684,407310,0.02,88,1,0.93,0,0,0
2020,Switzerland,,45.98,89.13,134.16,,8372098,62.58,83.6,22,56625.14,4.74E+11,27296.71,1.27E+12,4034.49,39516,0.1,86,0.98,0.94,0,0,0
2020,Turkey,,13.88,58.35,94.03,,79512426,30.36,76.86,10,23679.4,1.88E+12,23427.22,1.86E+12,10131,769630,0.01,41,0.97,0.79,0,0,0
2020,Ukraine,,20.14,53,135.2,,45004645,52.24,71.48,7,7668.06,3.27E+11,7593.35,3.24E+11,21603,579290,0.04,29,0.86,0.75,0,0,0
2020,United Arab Emirates,,24.42,90.6,212.64,,9269612,41.81,77.47,8,67133.07,6.22E+11,67497.45,6.26E+11,20802.73,83600,0.25,66,2.32,0.86,0,0,0
2020,United Kingdom,,50.67,94.78,119.06,,65637239,56.95,81.16,19,38901.05,2.55E+12,38432.85,2.52E+12,16257,241930,0.07,81,0.97,0.92,0,0,0
2020,United States,,37.56,85.54,122.56,,323127513,55.87,78.54,39,53272.52,1.72E+13,27296.71,1.27E+12,151270,9147420,0.02,74,0.98,0.92,0,0,0
